scenario,baud,id,status,t0_us,t1_us,t2_us,t3_us,t4_us,isr_to_task_us,task_us,queue_us,uart_us,R_us,deadline_miss
5,9600,52,DROPQ,188234594,188238656,188238659,,,4062,3,,,,
5,9600,53,DROPQ,188743939,188748655,188748658,,,4716,3,,,,
5,9600,54,DROPQ,189397634,189398655,189398658,,,1021,3,,,,
5,9600,55,DROPQ,189851264,189851288,189851291,,,24,3,,,,
5,9600,56,DROPQ,190296465,190298656,190298659,,,2191,3,,,,
5,9600,57,DROPQ,190621200,190621224,190621228,,,24,4,,,,
5,9600,58,DROPQ,190842339,190842363,190842366,,,24,3,,,,
5,9600,59,DROPQ,191038070,191038659,191038662,,,589,3,,,,
5,9600,60,DROPQ,191371317,191371341,191371344,,,24,3,,,,
5,9600,61,DROPQ,191587716,191588659,191588662,,,943,3,,,,
5,9600,62,DROPQ,191850645,191850669,191850673,,,24,4,,,,
5,9600,63,DROPQ,192097544,192098655,192098658,,,1111,3,,,,
5,9600,64,DROPQ,192396326,192398659,192398662,,,2333,3,,,,
5,9600,65,DROPQ,192630916,192630943,192630947,,,27,4,,,,
5,9600,66,DROPQ,192858448,192858659,192858662,,,211,3,,,,
5,9600,67,DROPQ,193074330,193078655,193078658,,,4325,3,,,,
5,9600,68,OK,193311721,193311746,193311749,193788687,193798071,25,3,476938,9384,486350,1
5,9600,69,DROPQ,193542632,193542656,193542659,,,24,3,,,,
5,9600,70,DROPQ,193774298,193778656,193778659,,,4358,3,,,,
5,9600,71,DROPQ,194098281,194098659,194098662,,,378,3,,,,
5,9600,72,DROPQ,194361675,194361699,194361702,,,24,3,,,,
5,9600,73,DROPQ,194616945,194618659,194618662,,,1714,3,,,,
5,9600,74,DROPQ,194864252,194868655,194868658,,,4403,3,,,,
5,9600,75,DROPQ,195091555,195091579,195091582,,,24,3,,,,
5,9600,76,DROPQ,195818134,195818659,195818662,,,525,3,,,,
5,9600,77,DROPQ,196239782,196239806,196239809,,,24,3,,,,
5,9600,78,DROPQ,198698520,198698655,198698658,,,135,3,,,,
5,9600,79,OK,199260502,199260526,199260530,199738687,199748071,24,4,478157,9384,487569,1
5,9600,80,OK,199901336,199901360,199901364,200378687,200388071,24,4,477323,9384,486735,1
5,115200,9,OK,255567249,255567278,255567281,255568016,255568721,29,3,735,705,1472,0
5,115200,10,OK,255884240,255885804,255885807,255888080,255888870,1564,3,2273,790,4630,0
5,115200,11,OK,256084906,256085803,256085806,256088080,256088870,897,3,2274,790,3964,0
5,115200,12,OK,256284373,256285804,256285807,256288080,256288870,1431,3,2273,790,4497,0
5,115200,13,OK,256470495,256470519,256470522,256470605,256471395,24,3,83,790,900,0
5,115200,14,OK,256667362,256667386,256667389,256668016,256668807,24,3,627,791,1445,0
5,115200,15,OK,256856051,256856075,256856078,256858016,256858807,24,3,1938,791,2756,0
5,115200,16,OK,257054332,257055804,257055807,257058080,257058870,1472,3,2273,790,4538,0
5,115200,17,OK,257268400,257268424,257268427,257268510,257269300,24,3,83,790,900,0
5,115200,18,OK,257462951,257465804,257465807,257468080,257468870,2853,3,2273,790,5919,0
5,115200,19,OK,257672991,257675804,257675807,257678080,257678870,2813,3,2273,790,5879,0
5,115200,20,OK,257862321,257865804,257865807,257868080,257868870,3483,3,2273,790,6549,0
5,115200,21,OK,258060209,258060233,258060237,258060319,258061109,24,4,82,790,900,0
5,115200,22,OK,258266812,258266840,258266844,258268016,258268807,28,4,1172,791,1995,0
5,115200,23,OK,258471751,258475804,258475807,258478080,258478870,4053,3,2273,790,7119,0
5,115200,24,OK,258792947,258795804,258795807,258798080,258798870,2857,3,2273,790,5923,0
5,115200,25,OK,259012155,259015804,259015807,259018080,259018870,3649,3,2273,790,6715,0
5,115200,26,OK,259235277,259235803,259235806,259238080,259238870,526,3,2274,790,3593,0
5,115200,27,OK,259536836,259536860,259536863,259538016,259538807,24,3,1153,791,1971,0
5,115200,28,OK,259896574,259896598,259896601,259898016,259898807,24,3,1415,791,2233,0
5,115200,29,OK,260127111,260127135,260127138,260128016,260128807,24,3,878,791,1696,0
5,115200,30,OK,260319937,260319961,260319964,260320047,260320837,24,3,83,790,900,0
5,115200,31,OK,260529493,260529518,260529521,260529604,260530394,25,3,83,790,901,0
5,115200,32,OK,260725982,260726007,260726010,260728016,260728808,25,3,2006,792,2826,0
5,115200,33,OK,260927039,260927063,260927066,260928016,260928808,24,3,950,792,1769,0
5,115200,34,OK,261129246,261129270,261129273,261129356,261130146,24,3,83,790,900,0
5,115200,35,OK,261306617,261306642,261306645,261308016,261308808,25,3,1371,792,2191,0
5,115200,36,OK,261495004,261495803,261495806,261498080,261498870,799,3,2274,790,3866,0
5,115200,37,OK,261688672,261688697,261688700,261688790,261689580,25,3,90,790,908,0
5,115200,38,OK,261965685,261965803,261965806,261968080,261968870,118,3,2274,790,3185,0
5,115200,39,OK,262231450,262235803,262235806,262238080,262238869,4353,3,2274,789,7419,0
5,115200,40,OK,262458322,262458346,262458349,262458432,262459222,24,3,83,790,900,0
5,115200,41,OK,262663348,262665804,262665807,262668167,262668958,2456,3,2360,791,5610,0
5,115200,42,OK,262939826,262939850,262939853,262939942,262940733,24,3,89,791,907,0
5,115200,43,OK,263163377,263165804,263165807,263168167,263168958,2427,3,2360,791,5581,0
5,115200,44,OK,263399337,263399361,263399364,263399447,263400237,24,3,83,790,900,0
5,115200,45,OK,263650442,263650466,263650469,263650552,263651342,24,3,83,790,900,0
5,115200,46,OK,263915717,263915802,263915806,263918166,263918957,85,4,2360,791,3240,0
5,115200,47,OK,264131762,264135804,264135807,264138167,264138958,4042,3,2360,791,7196,0
5,115200,48,OK,264368003,264368028,264368031,264368129,264368920,25,3,98,791,917,0
5,115200,49,OK,264642451,264645804,264645807,264648167,264648958,3353,3,2360,791,6507,0
5,115200,50,OK,264839704,264839736,264839739,264839821,264840611,32,3,82,790,907,0
5,115200,51,OK,265116874,265116898,265116901,265118102,265118892,24,3,1201,790,2018,0
5,115200,52,OK,265384469,265385804,265385807,265388167,265388958,1335,3,2360,791,4489,0
